#,Reference,Value,Footprint,Qty,Manufacturer,Part#,Supplier,JLCPCB Part #,Datasheet
1,"C1,C2",100nF,Capacitor_SMD:C_0402_1005Metric,2,Samsung Electro-Mechanics,CL05B104KB54PNC,LCSC,C307331,https://product.samsungsem.com/mlcc/CL05B104KB54PN.do
2,C3,22uF,Capacitor_SMD:C_0805_2012Metric,1,Samsung Electro-Mechanics,CL21A226MAQNNNE,LCSC,C45783,https://product.samsungsem.com/mlcc/CL21A226MAQNNN.do
3,D1,24V,Diode_SMD:D_0402_1005Metric,1,Born,0402ESDA-LP(24),LCSC,C316052,https://www.lcsc.com/datasheet/lcsc_datasheet_2410121915_BORN-0402ESDA-LP-24_C316052.pdf
4,"D2,D11,D12,D13,D14,D15",3.3VRWM,Diode_SMD:D_SOD-882,6,Wild Goose,ESD8ST3.3,LCSC,C22368672,https://www.lcsc.com/datasheet/C22368672.pdf
5,"D3,D4,D5,D6,D9,D10",PSBD2FD40V1H,Diode_SMD:D_SOD-882,6,Shanghai Prisemi Elec,PSBD2FD40V1H,LCSC,C492733,https://www.prisemi.com/pdf/16xtjSBD/PSBD2FD40V1H.pdf
6,"D7,D8",LED White,LED_SMD:LED_0603_1608Metric,2,TUOZHAN,P2-0603WOCS1-0.6T,LCSC,C2827262,https://jlcpcb.com/api/file/downloadByFileSystemAccessId/8588919083840102400
7,D16,24VRWM,Diode_SMD:D_SOD-882,1,R+O,H24VN10U,LCSC,C22395516,https://www.lcsc.com/datasheet/lcsc_datasheet_2504101957_hongjiacheng-H24VN10U_C22395516.pdf
8,Q1,DST3904DJ,Package_TO_SOT_SMD:SOT-963,1,DIODES,DST3904DJ-7,LCSC,C144162,https://www.diodes.com/datasheet/download/DST3904DJ.pdf
9,"R1,R2",4k7,Resistor_SMD:R_0402_1005Metric,2, UNI-ROYAL,0402WGF4701TCE,LCSC,C25900,https://eu.mouser.com/datasheet/2/1365/1-3044649.pdf
10,"R3,R4",180R,Resistor_SMD:R_0402_1005Metric,2, UNI-ROYAL,0402WGF2000TCE,LCSC,C25087,https://eu.mouser.com/datasheet/2/1365/1-3044649.pdf
11,R5,47k,Resistor_SMD:R_0402_1005Metric,1, UNI-ROYAL,0402WGF4702TCE,LCSC,C25792,https://eu.mouser.com/datasheet/2/1365/1-3044649.pdf
12,U1,STM32L011F4U6TR,User_DFN_QFN:ST_UFQFPN-20_3x3mm_P0.5mm_improved,1,ST,STM32L011F4U6TR,LCSC,C329283,https://www.st.com/en/microcontrollers-microprocessors/stm32l011f4.html
13,U2,TPS70933DRVR,Package_SON:WSON-6-1EP_2x2mm_P0.65mm_EP1x1.6mm_ThermalVias,1,TI,TPS70933DRVR,LCSC,C165164,https://www.ti.com/lit/ds/symlink/tps709.pdf
