Designator,Mid X,Mid Y,Layer,Rotation,Package
C1,1,5.1,bottom,0,C_0402_1005Metric
D3,1.65,-5.4,bottom,-90,D_SOD-882
D5,0.45,-5.4,bottom,90,D_SOD-882
D7,0,6.3,bottom,0,LED_0603_1608Metric
D9,-0.1,-0.35,bottom,-90,D_SOD-882
D10,1.1,-0.35,bottom,90,D_SOD-882
D11,-4.5,1.5,bottom,90,D_SOD-882
D12,-4.5,-0.5,bottom,-90,D_SOD-882
D16,1.1,-3.1,bottom,180,D_SOD-882
R5,-1.2,-0.4,bottom,90,R_0402_1005Metric
U1,0.1,2.85,bottom,-90,ST_UFQFPN-20_3x3mm_P0.5mm_improved
C2,1.5,-2.75,top,-90,C_0402_1005Metric
C3,0,0,top,0,C_0805_2012Metric
D1,-1.1,-5.25,top,180,D_0402_1005Metric
D2,-1.3,1.8,top,90,D_SOD-882
D4,1.65,-5.4,top,-90,D_SOD-882
D6,0.45,-5.4,top,90,D_SOD-882
D8,0,6.3,top,0,LED_0603_1608Metric
D13,-3.9,-1.2,top,-90,D_SOD-882
D14,-3.9,0.6,top,90,D_SOD-882
D15,-3.9,2.2,top,-90,D_SOD-882
Q1,1.15,4.3,top,180,SOT-963
R1,0.925,2.05,top,0,R_0402_1005Metric
R2,0.925,3,top,0,R_0402_1005Metric
R3,-1.3,4.6,top,-90,R_0402_1005Metric
R4,-0.3,4.6,top,-90,R_0402_1005Metric
U2,-0.5625,-2.25,top,0,WSON-6-1EP_2x2mm_P0.65mm_EP1x1.6mm_ThermalVias
